{
  "version": "2.0",
  "projectName": "UPRM Lost and Found",
  "managers": ["GiancarlosRivera","JRRR0912"],
  "milestones": {
    "Milestone #1": {
      "startDate": "2025-01-27",
      "endDate": "2025-02-21",
      "projectedGroupGrade": 100.0
    },
    "Milestone #2": {
      "startDate": "2025-02-24",
      "endDate": "2025-03-21",
      "projectedGroupGrade": 100.0
    },
    "Milestone #3": {
      "startDate": "2025-03-24",
      "endDate": "2025-04-30",
      "projectedGroupGrade": 100.0
    }
  },
  "lectureTopicTaskQuota": 4,
  "countOpenIssues": false,
  "sprints": 2,
  "minTasksPerSprint": 1
}
